[
    {
        "id": "1",
        "name": "Ổ đĩa flash USB2.0 2TB Hp kim loại chống thấm nước 1",
        "oldPrice": "180.000",
        "newPrice": "200.000",
        "saled": "3,8k",
        "origin": "Hà Nội",
        "saleOff": "40"
    },
    {
        "id": "2",
        "name": "Webcam Máy Tính-Latop-Có Mic Full HD-Camera",
        "oldPrice": "350.000",
        "newPrice": "400.000",
        "saled": "2,7k",
        "origin": "Huế",
        "saleOff": "20"
    },
    {
        "id": "3",
        "name": "Ổ đĩa flash USB2.0 2TB Hp kim loại chống thấm nước 3",
        "oldPrice": "150.000",
        "newPrice": "180.000",
        "saled": "1,7k",
        "origin": "Hà Nội",
        "saleOff": "27"
    },
    {
        "id": "4",
        "name": "Ổ đĩa flash USB2.0 2TB Hp kim loại chống thấm nước 4",
        "oldPrice": "350.000",
        "newPrice": "400.000",
        "saled": "2,7k",
        "origin": "Hà Nội",
        "saleOff": "20"
    },
    {
        "id": "5",
        "name": "Jack BNC lò xo cho dây tín hiệu đồng trục camera",
        "oldPrice": "170.000",
        "newPrice": "210.000",
        "saled": "1,1k",
        "origin": "Hà Nội",
        "saleOff": "30"
    },
    {
        "id": "6",
        "name": "Ổ đĩa flash USB2.0 2TB Hp kim loại chống thấm nước 6",
        "oldPrice": "160.000",
        "newPrice": "220.000",
        "saled": "2,3k",
        "origin": "Hồ Chí Minh",
        "saleOff": "25"
    },
    {
        "id": "7",
        "name": "Ổ đĩa flash USB2.0 2TB Hp kim loại chống thấm nước 2",
        "oldPrice": "300.000",
        "newPrice": "250.000",
        "saled": "3,2k",
        "origin": "Hồ Chí Minh",
        "saleOff": "30"
    },
    {
        "id": "8",
        "name": "Loa máy tính để bàn,loa vi tính MC D - 221 SUPER BASS",
        "oldPrice": "270.000",
        "newPrice": "300.000",
        "saled": "1,2k",
        "origin": "Hà Nội",
        "saleOff": "25"
    },
    {
        "id": "9",
        "name": "Ổ đĩa flash USB2.0 2TB Hp kim loại chống thấm nước 9",
        "oldPrice": "130.000",
        "newPrice": "170.000",
        "saled": "3,1k",
        "origin": "Hồ Chí Minh",
        "saleOff": "50"
    },
    {
        "id": "10",
        "name": "Bàn Phím Gaming Có Led 7 Màu-Bàn Phím G21 Kèm Chuột-Lót Chuột",
        "oldPrice": "195.000",
        "newPrice": "230.000",
        "saled": "1,1k",
        "origin": "Đà Nẵng",
        "saleOff": "15"
    },
    {
        "id": "11",
        "name": "Ổ đĩa flash USB2.0 2TB Hp kim loại chống thấm nước 12",
        "oldPrice": "110.000",
        "newPrice": "130.000",
        "saled": "5,2k",
        "origin": "Hà Nội",
        "saleOff": "55"
    },
    {
        "id": "12",
        "name": "CHUỘT KHÔNG DÂY T- WOLF Q13 CHUỘT GAMING",
        "oldPrice": "135.000",
        "newPrice": "170.000",
        "saled": "3,1k",
        "origin": "Hồ Chí Minh",
        "saleOff": "50"
    },
    {
        "id": "13",
        "name": "Ổ đĩa flash USB2.0 2TB Hp kim loại chống thấm nước 13",
        "oldPrice": "200.000",
        "newPrice": "210.000",
        "saled": "3,8k",
        "origin": "Hà Nội",
        "saleOff": "42"
    },
    {
        "id": "14",
        "name": "Ổ đĩa flash USB2.0 2TB Hp kim loại chống thấm nước 14",
        "oldPrice": "310.000",
        "newPrice": "330.000",
        "saled": "1,9k",
        "origin": "Hà Nội",
        "saleOff": "15"
    },
    {
        "id": "15",
        "name": "Ổ đĩa flash USB2.0 2TB Hp kim loại chống thấm nước 15",
        "oldPrice": "95.000",
        "newPrice": "110.000",
        "saled": "7,1k",
        "origin": "Đà Nẵng",
        "saleOff": "30"
    },
    {
        "id": "16",
        "name": "Ổ đĩa flash USB2.0 2TB Hp kim loại chống thấm nước 16",
        "oldPrice": "150.000",
        "newPrice": "170.000",
        "saled": "2,7k",
        "origin": "Hà Nội",
        "saleOff": "20"
    },
    {
        "id": "17",
        "name": "Ổ đĩa flash USB2.0 2TB Hp kim loại chống thấm nước 5",
        "oldPrice": "270.000",
        "newPrice": "300.000",
        "saled": "1,2k",
        "origin": "Hồ Chí Minh",
        "saleOff": "21"
    },
    {
        "id": "18",
        "name": "Pin TCbest AA và AAA cho chuột không dây và điều khiển giao ngẫu nhiên",
        "oldPrice": "50.000",
        "newPrice": "70.000",
        "saled": "5,6k",
        "origin": "Hà Nội",
        "saleOff": "10"
    },
    {
        "id": "19",
        "name": "Màn Hình Máy Tính 24 inch/19inch AOC,Màn Hình 75HZ Full HD 1920*1080",
        "oldPrice": "2.100.000",
        "newPrice": "3.000.000",
        "saled": "1,1k",
        "origin": "Lào Cài",
        "saleOff": "36"
    },
    {
        "id": "20",
        "name": "Ổ đĩa flash USB2.0 2TB Hp kim loại chống thấm nước 7",
        "oldPrice": "195.000",
        "newPrice": "250.000",
        "saled": "1,1k",
        "origin": "Hà Nội",
        "saleOff": "15"
    },
    {
        "id": "21",
        "name": "Ổ đĩa flash USB2.0 2TB Hp kim loại chống thấm nước 8",
        "oldPrice": "360.000",
        "newPrice": "420.000",
        "saled": "1,9k",
        "origin": "Hà Nội",
        "saleOff": "20"
    },
    {
        "id": "22",
        "name": "Loa SIÊU TRẦM (SUB BASS): 8W, cường độ âm thanh >80dB",
        "oldPrice": "160.000",
        "newPrice": "185.000",
        "saled": "2,3k",
        "origin": "Hà Nội",
        "saleOff": "23"
    },
    {
        "id": "23",
        "name": "Ổ đĩa flash USB2.0 2TB Hp kim loại chống thấm nước 10",
        "oldPrice": "180.000",
        "newPrice": "200.000",
        "saled": "3,8k",
        "origin": "Đà Nẵng",
        "saleOff": "27"
    },
    {
        "id": "24",
        "name": "Bàn phím Gaming, Keyboard T-WOLF TF20 Led 7 màu USB",
        "oldPrice": "360.000",
        "newPrice": "400.000",
        "saled": "1,9k",
        "origin": "Hà Nội",
        "saleOff": "20"
    },
    {
        "id": "25",
        "name": "Ổ đĩa flash USB2.0 2TB Hp kim loại chống thấm nước 11",
        "oldPrice": "170.000",
        "newPrice": "195.000",
        "saled": "1,2k",
        "origin": "Hà Nội",
        "saleOff": "13"
    }
]
